FileName,R,G,B,Count
Stage_2_ROP_1.png,169.49084,158.5847,141.00597,63496
Stage_2_ROP_1.png,150.58812,148.09752,132.32158,39052
Stage_2_ROP_1.png,159.69612,140.11562,119.67144,38985
Stage_2_ROP_1.png,126.659256,129.45432,115.84146,37265
Stage_2_ROP_100.png,130.50633,101.94938,98.54458,73477
Stage_2_ROP_100.png,87.93172,75.63407,82.213036,40740
Stage_2_ROP_100.png,195.47385,133.51143,104.673546,38416
Stage_2_ROP_100.png,135.69183,127.91446,135.658,34439
Stage_2_ROP_101.png,104.88641,105.27485,112.96601,95264
Stage_2_ROP_101.png,77.88581,68.35784,75.596016,53666
Stage_2_ROP_101.png,159.07635,109.03684,95.10597,30348
Stage_2_ROP_101.png,236.81416,159.59505,113.98068,7507
Stage_2_ROP_102.png,157.44266,159.83253,146.39691,67022
Stage_2_ROP_102.png,140.44397,118.18787,98.21769,61225
Stage_2_ROP_102.png,89.46636,75.572845,64.64321,43404
Stage_2_ROP_102.png,227.58932,149.23529,82.669846,15538
Stage_2_ROP_103.png,95.588684,70.648705,70.789604,51987
Stage_2_ROP_103.png,175.277,173.33725,184.68701,48916
Stage_2_ROP_103.png,122.98782,129.02129,141.98027,43934
Stage_2_ROP_103.png,190.24074,121.234085,110.02546,42070
Stage_2_ROP_104.png,149.94786,145.93892,120.80051,50016
Stage_2_ROP_104.png,127.35419,127.53749,100.59236,47528
Stage_2_ROP_104.png,107.37494,89.765274,61.750282,40025
Stage_2_ROP_104.png,157.42921,118.28572,81.448006,39948
Stage_2_ROP_105.png,102.98079,108.74368,110.909096,73908
Stage_2_ROP_105.png,112.7124,124.145706,127.470375,63531
Stage_2_ROP_105.png,93.34316,91.32297,93.04941,24711
Stage_2_ROP_105.png,73.88345,73.07533,76.86518,22222
Stage_2_ROP_106.png,193.138,152.4776,107.312126,64420
Stage_2_ROP_106.png,173.52097,139.6808,99.30029,52148
Stage_2_ROP_106.png,141.88046,133.89044,95.95567,39569
Stage_2_ROP_106.png,128.44453,111.82517,82.07814,23292
Stage_2_ROP_107.png,197.3964,188.53738,188.50151,67920
Stage_2_ROP_107.png,145.7221,150.9591,158.81703,42729
Stage_2_ROP_107.png,176.7052,133.2703,120.19284,40278
Stage_2_ROP_107.png,107.65518,88.1793,87.34393,36286
Stage_2_ROP_109.png,83.66719,69.989784,53.038708,72233
Stage_2_ROP_109.png,144.90994,84.52616,50.520473,49411
Stage_2_ROP_109.png,128.48483,133.56967,107.02397,46643
Stage_2_ROP_109.png,231.57909,129.2301,61.945595,17683
Stage_2_ROP_11.png,130.63416,94.81167,120.96392,57321
Stage_2_ROP_11.png,147.48555,107.18895,137.26637,51437
Stage_2_ROP_11.png,162.24054,122.40811,155.58403,41535
Stage_2_ROP_11.png,108.14846,80.64103,103.16674,35067
Stage_2_ROP_110.png,137.94167,112.171326,99.35116,77877
Stage_2_ROP_110.png,183.61612,94.80025,77.69132,48830
Stage_2_ROP_110.png,77.48402,56.19428,48.476933,39253
Stage_2_ROP_110.png,116.07062,77.40925,67.328636,36362
Stage_2_ROP_111.png,82.973785,65.33176,47.526768,74416
Stage_2_ROP_111.png,116.7608,118.79386,94.26838,48584
Stage_2_ROP_111.png,148.9584,84.31383,47.093075,45427
Stage_2_ROP_111.png,237.80377,134.41515,58.77047,18738
Stage_2_ROP_112.png,66.47576,55.866512,56.075424,67206
Stage_2_ROP_112.png,103.34739,89.22812,86.16823,55102
Stage_2_ROP_112.png,133.33443,133.96155,135.85791,40652
Stage_2_ROP_112.png,162.25334,176.69138,176.01385,23521
Stage_2_ROP_113.png,158.68074,155.87782,122.32681,64043
Stage_2_ROP_113.png,135.04156,115.74249,85.91822,44926
Stage_2_ROP_113.png,166.3345,106.364456,55.712685,44735
Stage_2_ROP_113.png,96.51968,72.65674,48.109406,35976
Stage_2_ROP_114.png,65.692215,56.001045,54.673195,62297
Stage_2_ROP_114.png,99.63117,84.9516,80.287964,57483
Stage_2_ROP_114.png,120.61637,120.78195,123.59073,38537
Stage_2_ROP_114.png,152.87521,169.08768,169.60022,28659
Stage_2_ROP_115.png,108.83149,87.23056,96.50013,63360
Stage_2_ROP_115.png,85.213905,64.00897,73.10531,56033
Stage_2_ROP_115.png,136.87933,108.47119,116.249535,47785
Stage_2_ROP_115.png,186.48637,131.42093,134.56636,19590
Stage_2_ROP_116.png,162.99197,129.39633,73.66068,66315
Stage_2_ROP_116.png,202.68988,146.27039,78.50673,51260
Stage_2_ROP_116.png,128.68187,111.40316,64.217514,48410
Stage_2_ROP_116.png,99.781715,82.59886,48.68261,20180
Stage_2_ROP_117.png,181.93475,156.50551,165.67793,58770
Stage_2_ROP_117.png,149.90814,125.617065,134.99759,54374
Stage_2_ROP_117.png,106.58941,89.349304,102.63875,44531
Stage_2_ROP_117.png,207.5339,190.69247,199.71378,29217
Stage_2_ROP_118.png,118.529396,70.707886,67.25028,58266
Stage_2_ROP_118.png,167.53146,84.053955,68.73746,55580
Stage_2_ROP_118.png,214.58615,103.66728,77.73151,36951
Stage_2_ROP_118.png,78.80729,51.18513,52.246872,36039
Stage_2_ROP_119.png,143.36603,128.37668,129.90718,74157
Stage_2_ROP_119.png,208.74838,214.96806,223.01535,39399
Stage_2_ROP_119.png,165.24081,164.91963,177.31914,38137
Stage_2_ROP_119.png,106.64055,89.73227,88.49735,34931
Stage_2_ROP_12.png,203.63594,158.24812,151.3919,54990
Stage_2_ROP_12.png,154.07846,138.74973,143.11139,50571
Stage_2_ROP_12.png,128.93774,121.36775,125.82181,49408
Stage_2_ROP_12.png,190.73062,135.08824,125.98136,29612
Stage_2_ROP_120.png,139.97131,125.17788,129.24132,76776
Stage_2_ROP_120.png,207.00792,209.9867,219.71298,40063
Stage_2_ROP_120.png,165.69061,163.85738,178.486,38214
Stage_2_ROP_120.png,102.21428,87.57773,88.80948,31603
Stage_2_ROP_121.png,144.57225,112.433235,92.38582,71155
Stage_2_ROP_121.png,204.01031,109.77341,88.196815,49524
Stage_2_ROP_121.png,90.73963,69.67372,58.872906,48554
Stage_2_ROP_121.png,144.81241,76.82972,62.571045,32980
Stage_2_ROP_122.png,82.97455,73.40324,77.831535,83490
Stage_2_ROP_122.png,107.55424,103.65713,110.102,55594
Stage_2_ROP_122.png,134.90704,139.45723,146.86096,33006
Stage_2_ROP_122.png,186.92953,191.98071,188.40964,15455
Stage_2_ROP_123.png,144.59818,154.86377,170.93507,50934
Stage_2_ROP_123.png,117.94087,110.36444,118.830055,50733
Stage_2_ROP_123.png,80.77548,72.50845,79.938614,46557
Stage_2_ROP_123.png,176.14067,196.19302,212.84763,37947
Stage_2_ROP_124.png,176.3296,116.42742,96.820724,51406
Stage_2_ROP_124.png,110.97843,108.71034,111.212425,47763
Stage_2_ROP_124.png,99.0476,78.29308,75.666214,46089
Stage_2_ROP_124.png,140.17326,130.83363,128.4106,41332
Stage_2_ROP_125.png,91.22035,83.81415,88.30743,86249
Stage_2_ROP_125.png,133.16798,144.12143,158.3411,40992
Stage_2_ROP_125.png,188.03194,209.23323,220.83806,31850
Stage_2_ROP_125.png,184.69281,129.7118,119.47827,27495
Stage_2_ROP_126.png,135.91133,136.69789,138.01,56024
Stage_2_ROP_126.png,117.05734,111.49724,112.55045,47748
Stage_2_ROP_126.png,98.973366,85.97941,84.15142,42684
Stage_2_ROP_126.png,67.178665,59.59874,62.169872,40360
Stage_2_ROP_127.png,91.37743,70.81562,69.55258,78424
Stage_2_ROP_127.png,60.556164,49.56428,52.530415,44584
Stage_2_ROP_127.png,142.87785,137.95905,140.05836,34009
Stage_2_ROP_127.png,110.16784,101.68628,106.535286,28908
Stage_2_ROP_128.png,142.81451,105.34203,87.83854,53041
Stage_2_ROP_128.png,98.21593,80.16874,75.260544,49462
Stage_2_ROP_128.png,143.77112,136.80197,126.93262,46817
Stage_2_ROP_128.png,117.79848,120.64064,116.99126,37297
Stage_2_ROP_129.png,121.762245,127.96078,130.6631,55961
Stage_2_ROP_129.png,105.91528,99.97866,99.57586,51865
Stage_2_ROP_129.png,144.06573,161.67755,162.84985,41318
Stage_2_ROP_129.png,68.687675,65.12999,68.92616,39033
Stage_2_ROP_13.png,154.20088,144.62811,82.93735,63483
Stage_2_ROP_13.png,176.49933,172.99347,108.28194,51230
Stage_2_ROP_13.png,126.98091,130.45522,76.480545,44048
Stage_2_ROP_13.png,109.58835,100.71135,52.697678,23617
Stage_2_ROP_130.png,90.288864,84.70472,83.43405,70529
Stage_2_ROP_130.png,58.760212,54.94789,56.94891,54081
Stage_2_ROP_130.png,129.3783,142.90253,141.71844,38842
Stage_2_ROP_130.png,186.19185,211.51628,199.3181,22596
Stage_2_ROP_131.png,162.60464,170.08331,158.68573,64132
Stage_2_ROP_131.png,139.65103,124.80352,113.67595,52442
Stage_2_ROP_131.png,106.85388,88.06175,81.8515,49084
Stage_2_ROP_131.png,212.66556,155.72464,123.690056,20533
Stage_2_ROP_132.png,136.44624,136.95975,138.54686,68097
Stage_2_ROP_132.png,163.51726,166.05087,159.6239,64269
Stage_2_ROP_132.png,190.92949,206.714,188.96484,30630
Stage_2_ROP_132.png,206.74217,173.67372,154.11649,25085
Stage_2_ROP_133.png,130.5376,103.581406,85.96668,66210
Stage_2_ROP_133.png,167.0056,84.979256,67.98178,51536
Stage_2_ROP_133.png,87.862144,62.945095,52.901344,44823
Stage_2_ROP_133.png,212.94228,103.195015,82.266426,33818
Stage_2_ROP_134.png,179.4452,127.62313,122.70648,57264
Stage_2_ROP_134.png,154.40793,140.98804,142.17755,57104
Stage_2_ROP_134.png,190.53134,165.04199,157.63171,37794
Stage_2_ROP_134.png,120.97297,111.16918,117.77736,34738
Stage_2_ROP_135.png,141.69247,137.70404,159.34158,71244
Stage_2_ROP_135.png,177.14897,131.84811,137.10577,40134
Stage_2_ROP_135.png,131.17514,114.67722,130.63252,38231
Stage_2_ROP_135.png,224.26762,146.99002,136.89494,37762
Stage_2_ROP_136.png,120.616066,117.09499,104.21755,64893
Stage_2_ROP_136.png,94.49291,78.673965,67.87859,49881
Stage_2_ROP_136.png,157.62732,106.00275,80.29292,47661
Stage_2_ROP_136.png,220.25095,129.64072,84.34155,23475
Stage_2_ROP_137.png,124.651344,123.05388,140.48965,78316
Stage_2_ROP_137.png,144.12898,149.17484,171.69463,60631
Stage_2_ROP_137.png,88.08162,88.32386,105.907,29871
Stage_2_ROP_137.png,171.19868,138.10196,141.05649,15702
Stage_2_ROP_138.png,121.19789,134.25949,164.40654,66360
Stage_2_ROP_138.png,85.0783,78.37504,91.1557,42478
Stage_2_ROP_138.png,133.7587,111.88631,121.940056,40708
Stage_2_ROP_138.png,103.76111,112.77358,136.23218,37205
Stage_2_ROP_139.png,161.7812,141.68268,107.3871,62969
Stage_2_ROP_139.png,162.76492,117.94349,90.235825,59569
Stage_2_ROP_139.png,122.05152,96.971954,75.508965,45068
Stage_2_ROP_139.png,83.71717,68.06506,53.43604,34582
Stage_2_ROP_14.png,93.412445,96.50613,97.70323,59394
Stage_2_ROP_14.png,75.42089,81.75767,85.06649,48462
Stage_2_ROP_14.png,107.94251,88.75683,76.39225,42616
Stage_2_ROP_14.png,69.94661,60.988895,58.39459,36917
Stage_2_ROP_140.png,146.72974,120.71161,93.97346,84261
Stage_2_ROP_140.png,193.64903,136.06343,105.13867,48446
Stage_2_ROP_140.png,110.09858,90.45132,70.34058,39817
Stage_2_ROP_140.png,69.42344,62.056805,48.582344,29206
Stage_2_ROP_141.png,155.41246,134.38312,157.64291,55548
Stage_2_ROP_141.png,103.387375,101.562416,122.2504,52565
Stage_2_ROP_141.png,133.20534,120.10945,137.16447,47193
Stage_2_ROP_141.png,82.57294,81.46699,102.547386,30410
Stage_2_ROP_142.png,154.10039,125.247444,109.32303,68230
Stage_2_ROP_142.png,129.69092,93.66147,78.975845,49638
Stage_2_ROP_142.png,74.77864,60.851948,51.798496,45235
Stage_2_ROP_142.png,209.0049,111.62064,88.40196,39135
Stage_2_ROP_143.png,83.698166,77.486145,84.56813,64258
Stage_2_ROP_143.png,119.18387,103.45068,105.92661,49791
Stage_2_ROP_143.png,190.97235,114.048454,90.29801,40471
Stage_2_ROP_143.png,142.5957,84.47891,67.06632,33428
Stage_2_ROP_144.png,143.50763,103.93911,72.66096,83525
Stage_2_ROP_144.png,205.05751,119.21782,75.131355,44375
Stage_2_ROP_144.png,104.49186,77.564705,54.845142,43065
Stage_2_ROP_144.png,66.79283,52.984062,38.328568,30989
Stage_2_ROP_145.png,145.81784,131.7287,107.24127,84051
Stage_2_ROP_145.png,125.53101,94.16636,76.96836,47626
Stage_2_ROP_145.png,197.802,124.27237,97.90743,35088
Stage_2_ROP_145.png,78.36016,70.76736,61.375134,35054
Stage_2_ROP_146.png,144.69016,123.06056,108.0874,90441
Stage_2_ROP_146.png,130.80951,88.72735,76.72169,45237
Stage_2_ROP_146.png,84.77489,66.23335,59.626526,31309
Stage_2_ROP_146.png,198.25542,111.46041,94.01905,30977
Stage_2_ROP_147.png,158.78304,161.51526,198.6149,50772
Stage_2_ROP_147.png,129.16199,130.1822,161.75418,50197
Stage_2_ROP_147.png,196.81705,191.96066,233.10645,42789
Stage_2_ROP_147.png,91.60142,93.944725,123.85163,40817
Stage_2_ROP_148.png,138.35735,115.014656,134.49666,70363
Stage_2_ROP_148.png,142.27122,143.18161,186.2936,42739
Stage_2_ROP_148.png,96.312836,84.11656,100.97065,37483
Stage_2_ROP_148.png,172.1607,175.0314,225.88573,35319
Stage_2_ROP_149.png,140.88522,113.04513,127.921585,68430
Stage_2_ROP_149.png,164.12335,169.72612,218.95808,40248
Stage_2_ROP_149.png,135.91757,134.42055,174.39297,39997
Stage_2_ROP_149.png,97.109795,83.698875,98.441536,38665
Stage_2_ROP_15.png,156.6377,153.87169,155.60448,56091
Stage_2_ROP_15.png,154.48062,124.50579,122.1004,42919
Stage_2_ROP_15.png,127.59034,132.79967,137.90254,41031
Stage_2_ROP_15.png,117.91875,102.463,105.56747,36441
Stage_2_ROP_150.png,148.1001,128.47186,159.28427,60013
Stage_2_ROP_150.png,116.00453,106.89634,135.75917,52767
Stage_2_ROP_150.png,169.16666,152.88118,191.52612,43420
Stage_2_ROP_150.png,81.99967,71.63447,94.23501,30501
Stage_2_ROP_151.png,124.493614,100.797516,122.07116,55836
Stage_2_ROP_151.png,138.84198,131.35522,165.31427,48157
Stage_2_ROP_151.png,84.96873,70.21209,90.20265,43736
Stage_2_ROP_151.png,170.10393,158.12314,197.73834,38360
Stage_2_ROP_152.png,201.60147,188.45512,230.2441,60581
Stage_2_ROP_152.png,126.02931,116.34604,154.0318,48136
Stage_2_ROP_152.png,162.27101,148.69731,187.48433,45215
Stage_2_ROP_152.png,225.49184,163.41008,185.70668,32865
Stage_2_ROP_153.png,125.41745,99.59154,120.96099,56579
Stage_2_ROP_153.png,150.8462,120.26428,145.66832,51513
Stage_2_ROP_153.png,179.71135,144.31857,173.75308,45795
Stage_2_ROP_153.png,81.55157,71.62641,95.70564,33082
Stage_2_ROP_154.png,168.89491,151.61427,186.42415,69258
Stage_2_ROP_154.png,246.56639,180.14081,166.0732,42307
Stage_2_ROP_154.png,114.62671,96.803314,118.8185,38986
Stage_2_ROP_154.png,193.28247,133.26172,134.6388,36295
Stage_2_ROP_155.png,139.79851,129.34027,116.744736,59253
Stage_2_ROP_155.png,128.5355,120.44928,109.602196,53022
Stage_2_ROP_155.png,118.51205,110.90109,97.77138,38553
Stage_2_ROP_155.png,156.00536,133.71017,119.434685,32840
Stage_2_ROP_156.png,134.154,105.38431,117.50366,71532
Stage_2_ROP_156.png,107.36537,92.77285,106.05519,53669
Stage_2_ROP_156.png,185.43767,124.25703,122.030846,32417
Stage_2_ROP_156.png,80.56359,72.0164,89.74682,29204
Stage_2_ROP_157.png,90.10182,83.25731,54.16615,98929
Stage_2_ROP_157.png,65.548935,57.833782,36.80981,55608
Stage_2_ROP_157.png,113.20067,98.560265,62.723183,50485
Stage_2_ROP_157.png,203.63892,130.11957,67.43142,853
Stage_2_ROP_158.png,210.38841,129.48064,127.39377,63871
Stage_2_ROP_158.png,170.05182,136.9093,145.00502,56786
Stage_2_ROP_158.png,147.53342,111.38992,116.97924,39646
Stage_2_ROP_158.png,97.27738,85.63045,99.50956,27828
Stage_2_ROP_159.png,214.07399,125.4955,123.075264,61280
Stage_2_ROP_159.png,176.2705,136.7147,146.21964,59483
Stage_2_ROP_159.png,146.41306,109.46349,116.10985,33802
Stage_2_ROP_159.png,95.5984,82.83242,98.48709,33000
Stage_2_ROP_16.png,165.05971,150.64227,132.29472,66557
Stage_2_ROP_16.png,117.90096,110.822815,99.38378,51365
Stage_2_ROP_16.png,141.84358,130.6948,116.53404,42837
Stage_2_ROP_16.png,166.81155,125.049225,104.55444,18000
Stage_2_ROP_160.png,149.98346,131.55058,138.50237,51537
Stage_2_ROP_160.png,200.77519,189.58945,202.49391,48776
Stage_2_ROP_160.png,113.67381,100.515175,108.8026,46062
Stage_2_ROP_160.png,173.72255,161.71591,172.07634,41759
Stage_2_ROP_161.png,120.12178,90.939354,114.81657,66498
Stage_2_ROP_161.png,148.77367,138.15858,187.10431,55188
Stage_2_ROP_161.png,86.00152,61.37971,73.96131,36164
Stage_2_ROP_161.png,168.18588,102.18514,100.71452,29593
Stage_2_ROP_162.png,154.12294,132.96043,180.46869,62579
Stage_2_ROP_162.png,131.81729,115.411316,154.61111,53091
Stage_2_ROP_162.png,109.517136,92.460495,126.66539,40361
Stage_2_ROP_162.png,83.556625,68.127335,95.61007,30590
Stage_2_ROP_163.png,144.51067,110.45182,94.81222,91277
Stage_2_ROP_163.png,106.88714,84.01623,73.759514,45612
Stage_2_ROP_163.png,70.76651,60.83934,53.954006,37527
Stage_2_ROP_163.png,206.37273,122.56448,95.7321,28171
Stage_2_ROP_164.png,157.66289,132.0003,112.01824,76757
Stage_2_ROP_164.png,132.112,103.72745,86.94155,55464
Stage_2_ROP_164.png,93.48695,79.23441,67.88027,39464
Stage_2_ROP_164.png,175.7391,161.79097,137.34532,30623
Stage_2_ROP_165.png,134.81291,129.21863,117.59061,65291
Stage_2_ROP_165.png,150.22368,153.58636,145.26256,53426
Stage_2_ROP_165.png,102.75688,109.435005,100.107285,42597
Stage_2_ROP_165.png,183.64326,156.23671,134.92819,23662
Stage_2_ROP_166.png,173.92015,142.07849,97.801704,81796
Stage_2_ROP_166.png,144.97943,119.49714,83.22058,46866
Stage_2_ROP_166.png,110.835495,91.185,65.11575,41233
Stage_2_ROP_166.png,74.75818,63.55763,46.316498,31962
Stage_2_ROP_167.png,154.11063,122.83829,94.66532,60219
Stage_2_ROP_167.png,121.09684,88.27788,70.04954,48669
Stage_2_ROP_167.png,189.51735,115.10253,85.7095,47226
Stage_2_ROP_167.png,76.40521,61.793697,50.61821,46146
Stage_2_ROP_17.png,111.41241,109.57227,112.64718,56728
Stage_2_ROP_17.png,198.07617,152.7497,127.17133,56277
Stage_2_ROP_17.png,137.57445,131.94778,128.56664,47951
Stage_2_ROP_17.png,177.13551,120.97386,103.88484,24758
Stage_2_ROP_18.png,151.78648,147.26018,150.97537,59679
Stage_2_ROP_18.png,202.48773,176.52896,172.01451,52093
Stage_2_ROP_18.png,200.85844,142.15515,130.61232,51692
Stage_2_ROP_18.png,126.00743,102.949684,103.28154,20590
Stage_2_ROP_19.png,146.32472,143.7015,82.414536,74403
Stage_2_ROP_19.png,172.21489,153.97644,82.85952,48121
Stage_2_ROP_19.png,125.17408,129.07707,75.525826,45945
Stage_2_ROP_19.png,115.47923,106.065445,59.566044,11704
Stage_2_ROP_2.png,129.99495,111.81232,127.55279,66489
Stage_2_ROP_2.png,114.338936,98.933876,115.32638,57725
Stage_2_ROP_2.png,97.446335,81.00428,94.73172,34154
Stage_2_ROP_2.png,72.17503,60.727448,73.67205,28703
Stage_2_ROP_20.png,143.25642,132.99341,135.33919,59677
Stage_2_ROP_20.png,179.43394,131.73657,121.76986,53707
Stage_2_ROP_20.png,114.552025,115.18467,123.434456,37824
Stage_2_ROP_20.png,126.63138,91.013336,92.46494,32391
Stage_2_ROP_21.png,149.6047,125.14658,105.82356,56337
Stage_2_ROP_21.png,150.76147,140.21657,131.33183,47487
Stage_2_ROP_21.png,180.50931,155.74211,136.37186,45017
Stage_2_ROP_21.png,109.49389,101.3368,89.05604,29926
Stage_2_ROP_22.png,179.0902,142.88242,141.78528,57167
Stage_2_ROP_22.png,132.65497,143.40535,157.6228,53374
Stage_2_ROP_22.png,161.96439,161.26262,168.90714,36623
Stage_2_ROP_22.png,128.40506,112.07628,118.07166,31814
Stage_2_ROP_23.png,178.37729,140.18118,137.47278,61034
Stage_2_ROP_23.png,129.52267,139.74149,153.97514,50427
Stage_2_ROP_23.png,161.33194,161.20976,167.70761,39116
Stage_2_ROP_23.png,126.742714,104.95142,111.01284,31537
Stage_2_ROP_24.png,175.86172,153.40228,158.40501,76201
Stage_2_ROP_24.png,126.33388,126.22966,139.70473,52507
Stage_2_ROP_24.png,155.31235,139.95267,147.69377,52247
Stage_2_ROP_24.png,69.02219,67.65982,74.85785,1217
Stage_2_ROP_25.png,171.12965,147.0216,147.59923,64806
Stage_2_ROP_25.png,149.69202,138.59552,143.59024,64626
Stage_2_ROP_25.png,121.19799,118.98935,132.58452,48719
Stage_2_ROP_25.png,66.1518,65.37476,72.74857,1054
Stage_2_ROP_26.png,123.436485,121.570816,121.681595,55011
Stage_2_ROP_26.png,141.95856,136.90636,135.78247,52841
Stage_2_ROP_26.png,157.22401,156.4732,156.60591,43831
Stage_2_ROP_26.png,102.9471,92.92753,95.26578,28358
Stage_2_ROP_27.png,166.31166,146.22746,149.93274,51042
Stage_2_ROP_27.png,134.6878,122.72889,128.76239,47010
Stage_2_ROP_27.png,152.48146,133.88219,138.05278,42643
Stage_2_ROP_27.png,116.9945,111.20263,118.525826,39264
Stage_2_ROP_28.png,78.864296,80.00072,97.14133,76879
Stage_2_ROP_28.png,63.988556,64.71124,79.34954,49914
Stage_2_ROP_28.png,41.159668,48.30712,62.177917,28002
Stage_2_ROP_28.png,88.15985,76.07144,81.974915,23040
Stage_2_ROP_29.png,138.3754,123.54241,127.001434,93267
Stage_2_ROP_29.png,159.80852,130.71008,135.80626,47248
Stage_2_ROP_29.png,120.022255,115.7502,121.700775,43502
Stage_2_ROP_29.png,62.070705,56.368687,59.444443,1188
Stage_2_ROP_3.png,147.56522,129.52518,108.73686,87760
Stage_2_ROP_3.png,129.0588,92.83149,76.91972,48904
Stage_2_ROP_3.png,202.53053,117.49327,92.870255,35354
Stage_2_ROP_3.png,82.30826,71.46834,61.01732,30309
Stage_2_ROP_30.png,171.60533,162.2106,119.0605,49108
Stage_2_ROP_30.png,130.7475,125.139015,89.3189,48414
Stage_2_ROP_30.png,148.95265,141.24242,101.6703,46982
Stage_2_ROP_30.png,109.9036,111.24659,76.68783,34077
Stage_2_ROP_31.png,130.10258,123.41328,87.97505,52099
Stage_2_ROP_31.png,151.89307,142.72157,102.35407,47202
Stage_2_ROP_31.png,174.74028,164.73997,120.18417,45441
Stage_2_ROP_31.png,108.277695,107.63217,74.87955,33731
Stage_2_ROP_32.png,197.39919,188.55696,188.5287,67870
Stage_2_ROP_32.png,145.70807,150.95174,158.81511,42721
Stage_2_ROP_32.png,176.76093,133.33643,120.25655,40304
Stage_2_ROP_32.png,107.68718,88.19772,87.356155,36318
Stage_2_ROP_33.png,95.46755,98.1385,70.46878,61133
Stage_2_ROP_33.png,132.96588,124.45889,85.88428,55418
Stage_2_ROP_33.png,123.94726,92.12519,56.892036,36688
Stage_2_ROP_33.png,74.705505,58.032684,31.468388,24815
Stage_2_ROP_34.png,162.2206,168.95625,136.77808,54536
Stage_2_ROP_34.png,142.7994,148.91684,120.36071,52623
Stage_2_ROP_34.png,119.23382,126.52972,99.93699,42055
Stage_2_ROP_34.png,93.21928,98.312645,79.97934,30450
Stage_2_ROP_35.png,128.41266,75.38096,39.800774,49155
Stage_2_ROP_35.png,91.35216,60.042416,35.280632,46067
Stage_2_ROP_35.png,128.13629,99.18894,64.61814,45923
Stage_2_ROP_35.png,97.34041,87.57432,59.274143,45633
Stage_2_ROP_36.png,91.28868,82.73714,85.073494,64604
Stage_2_ROP_36.png,118.95276,81.64843,71.47846,47126
Stage_2_ROP_36.png,73.755165,70.04827,75.16739,40917
Stage_2_ROP_36.png,73.01297,52.46974,49.62128,33529
Stage_2_ROP_37.png,180.46101,135.1662,108.21033,50206
Stage_2_ROP_37.png,122.29035,102.78057,90.98832,49647
Stage_2_ROP_37.png,173.72028,167.54549,153.72838,48201
Stage_2_ROP_37.png,146.8419,141.26384,131.44856,41158
Stage_2_ROP_38.png,128.69608,110.53286,116.00509,71690
Stage_2_ROP_38.png,98.378555,90.44476,98.27256,57379
Stage_2_ROP_38.png,69.980644,68.413994,79.69416,48104
Stage_2_ROP_38.png,177.02438,126.42783,118.17327,10787
Stage_2_ROP_39.png,132.81296,109.219795,75.09161,56358
Stage_2_ROP_39.png,138.56462,129.65028,98.30553,45646
Stage_2_ROP_39.png,157.70483,149.94286,117.947205,44610
Stage_2_ROP_39.png,106.23562,98.752686,69.52114,32158
Stage_2_ROP_4.png,187.72781,146.85782,137.91249,62409
Stage_2_ROP_4.png,148.832,117.95975,114.05364,58679
Stage_2_ROP_4.png,112.24804,87.529854,85.599365,46868
Stage_2_ROP_4.png,72.82869,59.57796,57.361195,34364
Stage_2_ROP_40.png,75.32532,61.014175,36.289192,75265
Stage_2_ROP_40.png,91.977615,85.986565,56.003593,49273
Stage_2_ROP_40.png,53.835594,42.120327,22.971418,46465
Stage_2_ROP_40.png,113.83705,111.363144,74.75051,34931
Stage_2_ROP_41.png,119.705505,78.055756,101.70716,64777
Stage_2_ROP_41.png,118.45925,93.84247,135.276,54472
Stage_2_ROP_41.png,77.15725,57.3825,83.67738,34149
Stage_2_ROP_41.png,128.76746,115.60882,170.02383,32803
Stage_2_ROP_42.png,113.85331,78.13262,111.162125,60327
Stage_2_ROP_42.png,135.98163,110.60998,158.57385,52819
Stage_2_ROP_42.png,194.40897,98.32301,113.57373,39435
Stage_2_ROP_42.png,71.841805,55.451313,85.797806,34249
Stage_2_ROP_43.png,146.67995,112.01943,153.50931,72001
Stage_2_ROP_43.png,99.167076,85.648766,122.83853,50246
Stage_2_ROP_43.png,124.15467,100.326614,136.57341,47824
Stage_2_ROP_43.png,182.86644,123.69063,159.458,17461
Stage_2_ROP_44.png,162.9074,119.91738,171.67465,54927
Stage_2_ROP_44.png,130.86801,103.6987,149.86014,54457
Stage_2_ROP_44.png,169.27696,132.96367,200.16843,48548
Stage_2_ROP_44.png,105.84127,80.49719,119.90153,29624
Stage_2_ROP_45.png,157.49438,139.7644,123.16676,71659
Stage_2_ROP_45.png,130.4303,111.44299,94.8768,45122
Stage_2_ROP_45.png,185.53868,171.37505,157.08466,43115
Stage_2_ROP_45.png,85.51624,76.4944,64.90901,41622
Stage_2_ROP_46.png,123.57272,85.82266,111.65368,72912
Stage_2_ROP_46.png,83.091125,68.97162,96.32466,42918
Stage_2_ROP_46.png,94.11243,54.425262,63.57899,40194
Stage_2_ROP_46.png,160.39221,87.5848,95.087845,32033
Stage_2_ROP_47.png,189.81601,141.29143,109.39701,53011
Stage_2_ROP_47.png,82.01261,70.44009,58.620308,52008
Stage_2_ROP_47.png,223.94983,175.5822,137.89769,50953
Stage_2_ROP_47.png,133.84584,106.09448,85.52565,45692
Stage_2_ROP_48.png,134.36914,107.415085,87.33587,79632
Stage_2_ROP_48.png,88.06633,71.378426,58.34949,52330
Stage_2_ROP_48.png,153.36461,136.63254,114.919075,47700
Stage_2_ROP_48.png,203.87372,112.192116,83.88316,21388
Stage_2_ROP_49.png,143.27682,132.99765,135.33804,59678
Stage_2_ROP_49.png,179.458,131.75099,121.77671,53639
Stage_2_ROP_49.png,114.56104,115.1985,123.44697,37844
Stage_2_ROP_49.png,126.66602,91.036964,92.484215,32436
Stage_2_ROP_5.png,132.77226,101.34124,97.38819,52203
Stage_2_ROP_5.png,101.13192,106.65357,120.730125,51206
Stage_2_ROP_5.png,140.006,133.37434,141.90623,48068
Stage_2_ROP_5.png,92.03825,77.36747,80.840576,35867
Stage_2_ROP_50.png,146.09029,127.69362,107.67831,62021
Stage_2_ROP_50.png,130.30237,98.9124,80.59955,59952
Stage_2_ROP_50.png,196.20815,106.16702,83.372925,47061
Stage_2_ROP_50.png,79.997986,69.31157,56.117046,32731
Stage_2_ROP_51.png,215.42198,191.35461,135.25433,84897
Stage_2_ROP_51.png,172.53346,160.94307,120.343605,41490
Stage_2_ROP_51.png,209.8445,168.76302,109.37663,35934
Stage_2_ROP_51.png,187.82112,125.595634,81.98621,17766
Stage_2_ROP_52.png,104.0793,83.97767,69.28189,84943
Stage_2_ROP_52.png,227.38892,121.77885,75.09289,43577
Stage_2_ROP_52.png,66.37143,51.059635,38.963768,39356
Stage_2_ROP_52.png,163.5481,90.348335,62.81272,32219
Stage_2_ROP_53.png,132.2758,141.27122,155.29117,66092
Stage_2_ROP_53.png,150.44533,120.81322,118.54413,49385
Stage_2_ROP_53.png,87.97056,91.024086,105.6151,49072
Stage_2_ROP_53.png,184.07086,157.33885,154.73738,22340
Stage_2_ROP_54.png,124.068924,138.19574,161.27693,66954
Stage_2_ROP_54.png,100.98291,107.1875,130.67967,47227
Stage_2_ROP_54.png,139.41806,127.26897,136.82346,40574
Stage_2_ROP_54.png,165.2369,147.24593,153.75966,32636
Stage_2_ROP_55.png,93.35862,87.36797,77.855896,71809
Stage_2_ROP_55.png,68.98507,58.53031,51.34791,50148
Stage_2_ROP_55.png,156.13881,99.88932,73.090904,43541
Stage_2_ROP_55.png,119.37498,81.10445,62.111347,39992
Stage_2_ROP_56.png,97.965904,82.82147,70.00292,88101
Stage_2_ROP_56.png,141.12817,105.172516,83.04914,50158
Stage_2_ROP_56.png,62.327477,50.28385,41.568466,36470
Stage_2_ROP_56.png,192.45255,128.60913,92.12924,31151
Stage_2_ROP_57.png,134.17805,113.41186,95.92855,104338
Stage_2_ROP_57.png,84.982765,66.83575,57.272102,53046
Stage_2_ROP_57.png,203.12392,110.243835,88.18204,39601
Stage_2_ROP_57.png,232.88759,233.35248,221.14111,4457
Stage_2_ROP_58.png,100.919624,109.712585,114.28355,63434
Stage_2_ROP_58.png,93.40218,91.91067,92.94729,43063
Stage_2_ROP_58.png,77.69304,68.49966,66.88026,40588
Stage_2_ROP_58.png,114.062294,90.31771,78.50637,39791
Stage_2_ROP_59.png,98.29769,98.623566,102.87149,63923
Stage_2_ROP_59.png,116.57433,114.37014,115.54422,60517
Stage_2_ROP_59.png,132.68971,112.23164,103.89457,38383
Stage_2_ROP_59.png,165.16733,125.212616,109.640945,23027
Stage_2_ROP_6.png,74.26604,77.429085,77.737144,76441
Stage_2_ROP_6.png,95.37715,85.150406,73.18901,50951
Stage_2_ROP_6.png,63.70253,65.44038,63.02401,32447
Stage_2_ROP_6.png,119.78318,96.01643,71.4321,28116
Stage_2_ROP_60.png,143.9954,132.8631,120.05648,70430
Stage_2_ROP_60.png,181.65163,158.56963,143.3572,52760
Stage_2_ROP_60.png,95.7995,83.34771,75.62703,46170
Stage_2_ROP_60.png,183.9516,117.13985,97.785545,25978
Stage_2_ROP_61.png,201.15535,171.28342,122.8967,62719
Stage_2_ROP_61.png,156.83366,146.90971,124.882935,49857
Stage_2_ROP_61.png,131.07245,121.29526,100.034096,35637
Stage_2_ROP_61.png,186.35953,141.4305,99.24834,28969
Stage_2_ROP_62.png,153.46706,123.31756,87.53064,91040
Stage_2_ROP_62.png,123.89158,94.7586,67.778984,46752
Stage_2_ROP_62.png,89.97167,70.12648,52.476536,37420
Stage_2_ROP_62.png,197.74171,124.77958,86.17133,27099
Stage_2_ROP_63.png,129.16736,136.68616,129.0607,62426
Stage_2_ROP_63.png,118.99439,105.912575,89.46674,60370
Stage_2_ROP_63.png,86.12062,79.36512,71.00017,47072
Stage_2_ROP_63.png,169.22234,116.77857,80.81205,17595
Stage_2_ROP_64.png,127.186935,122.071,109.9227,59405
Stage_2_ROP_64.png,154.40845,165.86217,153.94095,52828
Stage_2_ROP_64.png,84.00161,75.80544,68.9285,47775
Stage_2_ROP_64.png,168.88383,114.75541,80.206085,27494
Stage_2_ROP_65.png,141.19398,137.80843,93.00061,73841
Stage_2_ROP_65.png,101.4749,103.98817,68.54556,57383
Stage_2_ROP_65.png,185.46619,152.67908,89.132256,40777
Stage_2_ROP_65.png,247.4023,199.38501,83.89514,16078
Stage_2_ROP_66.png,156.24998,142.56926,134.81915,70418
Stage_2_ROP_66.png,170.67664,120.52337,105.4066,51399
Stage_2_ROP_66.png,126.13197,100.6228,90.55965,43049
Stage_2_ROP_66.png,84.80442,69.39978,61.01224,37013
Stage_2_ROP_67.png,141.14774,102.20915,102.98394,63910
Stage_2_ROP_67.png,149.11783,147.04898,165.56834,48429
Stage_2_ROP_67.png,89.54868,73.99438,83.56588,43433
Stage_2_ROP_67.png,199.42067,118.661934,101.058975,31352
Stage_2_ROP_68.png,155.84224,136.43365,146.92201,52168
Stage_2_ROP_68.png,240.02324,123.51079,100.29953,46289
Stage_2_ROP_68.png,98.70104,74.41309,81.73184,46074
Stage_2_ROP_68.png,182.7321,101.55252,91.778145,43524
Stage_2_ROP_69.png,114.77633,103.888504,99.50055,58170
Stage_2_ROP_69.png,127.801,133.3217,135.06982,44196
Stage_2_ROP_69.png,81.43754,74.87721,73.095856,43839
Stage_2_ROP_69.png,149.36772,158.54994,159.86542,41934
Stage_2_ROP_7.png,128.69373,116.3878,101.861626,63405
Stage_2_ROP_7.png,161.8886,131.59967,110.48434,52713
Stage_2_ROP_7.png,97.76756,88.99696,76.96534,42442
Stage_2_ROP_7.png,222.23389,159.62778,118.00292,28719
Stage_2_ROP_70.png,134.24443,130.01852,129.5321,59235
Stage_2_ROP_70.png,145.28802,151.32182,153.96342,58626
Stage_2_ROP_70.png,116.6546,107.11466,105.10731,42047
Stage_2_ROP_70.png,85.671265,82.01273,83.60805,27557
Stage_2_ROP_71.png,120.17777,103.503624,70.03043,67693
Stage_2_ROP_71.png,146.67628,114.60118,74.09764,44286
Stage_2_ROP_71.png,90.830734,83.98137,59.848755,39075
Stage_2_ROP_71.png,184.99228,129.76898,77.51242,35832
Stage_2_ROP_72.png,150.40877,113.837776,76.43971,68022
Stage_2_ROP_72.png,105.173775,103.45143,82.47948,47569
Stage_2_ROP_72.png,215.9576,133.14346,74.583115,42746
Stage_2_ROP_72.png,95.8613,72.198654,50.079414,29177
Stage_2_ROP_73.png,139.47966,111.10621,79.14084,84844
Stage_2_ROP_73.png,104.77991,79.92903,57.98737,49642
Stage_2_ROP_73.png,181.64143,120.78286,83.896996,35106
Stage_2_ROP_73.png,161.0324,144.78302,101.55703,32312
Stage_2_ROP_74.png,126.58442,107.77375,81.88871,66414
Stage_2_ROP_74.png,161.3961,114.98138,78.12468,47368
Stage_2_ROP_74.png,97.00599,90.09186,72.39785,46259
Stage_2_ROP_74.png,202.20335,129.16377,78.55257,27416
Stage_2_ROP_75.png,117.46878,112.07206,60.603653,79113
Stage_2_ROP_75.png,78.37694,79.147804,46.921974,47177
Stage_2_ROP_75.png,168.91129,128.26732,59.881844,31009
Stage_2_ROP_75.png,230.07841,157.4928,62.64004,28384
Stage_2_ROP_76.png,140.73212,136.22221,74.22654,87383
Stage_2_ROP_76.png,102.66077,95.5461,53.983887,50570
Stage_2_ROP_76.png,188.18208,138.80356,61.62686,25122
Stage_2_ROP_76.png,242.2415,171.3404,63.837948,22042
Stage_2_ROP_77.png,70.39964,52.362865,49.99619,61122
Stage_2_ROP_77.png,53.27654,39.10213,37.425644,53754
Stage_2_ROP_77.png,84.26072,66.70433,64.562294,46241
Stage_2_ROP_77.png,112.59546,63.243553,51.993656,44614
Stage_2_ROP_78.png,120.11621,89.90206,60.7943,65931
Stage_2_ROP_78.png,148.12204,108.823364,73.55618,56785
Stage_2_ROP_78.png,81.17324,59.26129,37.920357,38421
Stage_2_ROP_78.png,217.81506,109.99109,63.663834,36803
Stage_2_ROP_79.png,132.02235,109.21622,73.182556,77180
Stage_2_ROP_79.png,165.45245,88.75085,55.691505,56338
Stage_2_ROP_79.png,94.03832,72.37715,48.332104,45793
Stage_2_ROP_79.png,206.55045,101.233574,62.871338,23457
Stage_2_ROP_8.png,140.68759,145.50464,122.45367,60036
Stage_2_ROP_8.png,190.9102,167.51231,133.22476,55565
Stage_2_ROP_8.png,228.75266,206.06857,169.01607,38662
Stage_2_ROP_8.png,123.35067,97.04732,75.85279,31574
Stage_2_ROP_80.png,102.02897,95.22184,69.76145,68833
Stage_2_ROP_80.png,133.4798,110.94909,75.88449,65708
Stage_2_ROP_80.png,184.1874,119.998856,67.24464,27956
Stage_2_ROP_80.png,242.03027,149.54799,67.200905,26679
Stage_2_ROP_81.png,133.52692,113.970764,64.082565,65465
Stage_2_ROP_81.png,180.44016,133.76959,69.71231,45987
Stage_2_ROP_81.png,90.14001,88.65599,57.768425,43589
Stage_2_ROP_81.png,238.17569,168.44267,74.33878,29054
Stage_2_ROP_82.png,186.4953,180.89038,163.05063,61105
Stage_2_ROP_82.png,210.93196,179.4184,139.58981,54349
Stage_2_ROP_82.png,152.1141,159.23363,147.4833,38775
Stage_2_ROP_82.png,170.3627,132.42369,108.660736,23890
Stage_2_ROP_83.png,155.82516,119.43965,57.246426,69855
Stage_2_ROP_83.png,195.54984,144.711,67.24741,49553
Stage_2_ROP_83.png,99.55081,86.344925,48.55275,35126
Stage_2_ROP_83.png,187.87616,182.66689,110.19459,33214
Stage_2_ROP_84.png,109.686874,87.11095,52.40752,72725
Stage_2_ROP_84.png,78.99587,67.16737,44.881752,61582
Stage_2_ROP_84.png,165.00769,98.23672,42.812775,28917
Stage_2_ROP_84.png,231.65453,126.73028,38.083626,21752
Stage_2_ROP_85.png,72.94765,53.32654,49.337254,55643
Stage_2_ROP_85.png,75.738266,68.19012,69.5459,52982
Stage_2_ROP_85.png,49.434475,40.766567,40.8846,48622
Stage_2_ROP_85.png,96.305244,61.861465,52.34055,48357
Stage_2_ROP_86.png,135.39522,123.68747,124.249214,72458
Stage_2_ROP_86.png,105.549736,95.46874,95.85213,51969
Stage_2_ROP_86.png,194.93121,129.03352,107.08456,40093
Stage_2_ROP_86.png,247.97815,183.2252,122.9041,21877
Stage_2_ROP_87.png,151.19084,116.78637,107.46862,69583
Stage_2_ROP_87.png,105.3674,71.93748,64.72284,49643
Stage_2_ROP_87.png,170.92534,172.40845,162.06859,41039
Stage_2_ROP_87.png,227.24606,123.40286,88.29635,28878
Stage_2_ROP_88.png,100.68084,95.69641,80.551994,67051
Stage_2_ROP_88.png,109.58533,114.248245,101.669205,47534
Stage_2_ROP_88.png,67.21293,68.40576,62.9809,39427
Stage_2_ROP_88.png,133.83536,136.02702,118.16877,32221
Stage_2_ROP_89.png,132.66756,109.28094,91.70711,68393
Stage_2_ROP_89.png,171.56207,147.21722,122.64845,49527
Stage_2_ROP_89.png,192.58948,194.765,171.29076,34800
Stage_2_ROP_89.png,77.78931,71.98267,65.961426,33646
Stage_2_ROP_9.png,151.50433,155.32927,166.01678,57027
Stage_2_ROP_9.png,128.69655,115.754715,118.08212,51926
Stage_2_ROP_9.png,83.430885,77.2262,83.31667,39811
Stage_2_ROP_9.png,177.63197,134.98021,117.559784,37995
Stage_2_ROP_90.png,157.47897,124.64863,112.33145,56823
Stage_2_ROP_90.png,192.3285,141.23431,124.16479,54682
Stage_2_ROP_90.png,127.23484,93.56798,84.87729,48977
Stage_2_ROP_90.png,87.17951,64.16142,57.289894,40749
Stage_2_ROP_91.png,157.29243,93.18768,76.82767,73060
Stage_2_ROP_91.png,142.13353,114.96432,102.11838,72753
Stage_2_ROP_91.png,102.34354,68.61548,56.482807,45571
Stage_2_ROP_91.png,230.94562,199.35497,140.49736,3034
Stage_2_ROP_92.png,98.48237,98.82402,104.16208,62116
Stage_2_ROP_92.png,65.16388,60.52478,64.05666,47138
Stage_2_ROP_92.png,128.88017,141.25987,146.90385,41593
Stage_2_ROP_92.png,168.92035,186.40051,191.43733,36635
Stage_2_ROP_93.png,151.08221,159.08989,162.6861,53490
Stage_2_ROP_93.png,128.90886,137.81772,144.59764,51737
Stage_2_ROP_93.png,169.56691,138.47943,141.37866,40266
Stage_2_ROP_93.png,110.8858,111.18587,120.52408,35369
Stage_2_ROP_94.png,171.44652,159.35645,88.12561,65509
Stage_2_ROP_94.png,138.91626,133.68205,78.46606,57422
Stage_2_ROP_94.png,232.32965,179.2751,78.74239,32320
Stage_2_ROP_94.png,96.584595,98.17134,64.306564,31044
Stage_2_ROP_95.png,80.98173,56.097256,48.07534,73189
Stage_2_ROP_95.png,73.62488,71.4015,71.17485,51906
Stage_2_ROP_95.png,53.350677,43.230324,40.19942,51871
Stage_2_ROP_95.png,105.709366,63.31514,48.44784,28892
Stage_2_ROP_96.png,77.69326,77.30145,76.22309,63477
Stage_2_ROP_96.png,69.096016,66.50641,63.751003,57029
Stage_2_ROP_96.png,54.97485,52.961628,51.51603,42269
Stage_2_ROP_96.png,93.283356,85.09295,77.315575,24584
Stage_2_ROP_97.png,79.055046,71.03409,65.232445,62685
Stage_2_ROP_97.png,57.56534,60.1806,58.21147,56069
Stage_2_ROP_97.png,102.5938,80.7775,68.95407,48292
Stage_2_ROP_97.png,134.0493,94.54118,74.529724,19982
Stage_2_ROP_98.png,115.84942,117.31172,113.09622,100043
Stage_2_ROP_98.png,93.88433,84.45982,77.93634,40590
Stage_2_ROP_98.png,152.62888,110.965355,88.23363,29295
Stage_2_ROP_98.png,208.52238,136.32594,92.73205,17466
Stage_2_ROP_99.png,162.22021,112.06285,75.81227,69146
Stage_2_ROP_99.png,134.22285,93.401024,61.759396,62954
Stage_2_ROP_99.png,87.16436,66.02956,44.36532,36207
Stage_2_ROP_99.png,205.2945,108.191376,66.94089,30672
